parent_name,companies_house_number,match_method,ch_company_name,company_status,accounts_made_up_to,filing_date,accounts_type,document_format,text_chars,flagged,hits_epr,hits_extended_producer_responsibility,hits_packaging_costs,snippets,filing_history_url,subsidiary_count,error,group_key
0404 Investments Limited,05106531,register,0404 INVESTMENTS LIMITED,active,2025-12-31,2026-09-30,accounts-with-accounts-type-group,xhtml,84372,no,0.0,0.0,0.0,,https://find-and-update.company-information.service.gov.uk/company/05106531/filing-history,3,,ORG:103508
10 Motives Ltd,07934188,register,10 MOTIVES LIMITED,active,2025-12-31,2026-06-28,accounts-with-accounts-type-full,pdf,0,,,,,,https://find-and-update.company-information.service.gov.uk/company/07934188/filing-history,0,little or no text extracted (probably a scanned PDF): check manually,ORG:105527
108 Foods Limited,09840091,register,108 FOODS LIMITED,active,2025-12-31,2026-09-30,accounts-with-accounts-type-total-exemption-full,xhtml,14118,no,0.0,0.0,0.0,,https://find-and-update.company-information.service.gov.uk/company/09840091/filing-history,0,,ORG:111257
151 Products Limited,02149608,register,151 PRODUCTS LIMITED,active,2025-12-31,2026-08-07,accounts-with-accounts-type-full,xhtml,62579,no,0.0,0.0,0.0,,https://find-and-update.company-information.service.gov.uk/company/02149608/filing-history,0,,ORG:104232
2K Polymer Systems Ltd,06085634,register,2K POLYMER SYSTEMS LIMITED,active,2025-12-31,2026-09-25,accounts-with-accounts-type-full,pdf,0,,,,,,https://find-and-update.company-information.service.gov.uk/company/06085634/filing-history,0,little or no text extracted (probably a scanned PDF): check manually,ORG:105150
2M Holdings Limited,04530131,register,2M HOLDINGS LIMITED,active,2025-04-30,2026-02-04,accounts-with-accounts-type-small,pdf,0,,,,,,https://find-and-update.company-information.service.gov.uk/company/04530131/filing-history,5,little or no text extracted (probably a scanned PDF): check manually,ORG:106252
3BW Ltd,10490262,register,3BW LTD,active,2025-03-31,2025-12-23,accounts-with-accounts-type-total-exemption-full,xhtml,8798,no,0.0,0.0,0.0,,https://find-and-update.company-information.service.gov.uk/company/10490262/filing-history,0,,ORG:115902
3M United Kingdom Plc,01123045,register,3M UNITED KINGDOM LIMITED,active,2025-12-31,2026-07-08,accounts-with-accounts-type-full,pdf,0,,,,,,https://find-and-update.company-information.service.gov.uk/company/01123045/filing-history,0,little or no text extracted (probably a scanned PDF): check manually,ORG:102542
4DegreesC Limited,04444939,register,4DEGREESC LIMITED,active,2025-12-31,2026-09-30,accounts-with-accounts-type-total-exemption-full,xhtml,14244,no,0.0,0.0,0.0,,https://find-and-update.company-information.service.gov.uk/company/04444939/filing-history,0,,ORG:102522
7 Steel (UK) Holdings Ltd,04578086,register,7 STEEL (UK) HOLDINGS LIMITED,active,2025-12-31,2026-06-24,accounts-with-accounts-type-group,pdf,0,,,,,,https://find-and-update.company-information.service.gov.uk/company/04578086/filing-history,4,little or no text extracted (probably a scanned PDF): check manually,ORG:105097
