company,companies_house_number,role,strength,note,url,seen
C & C Holdings (NI) Limited,NI022259,Packaging Data Senior Specialist (EPR),strong,"12-month role created after the first EPR reporting round; mentions Defra auditing the data",https://careers.candcgroupplc.com/vacancies/6783/packaging_data_senior_specialist_epr,2026-10-08
B&Q Ltd,00973387,Packaging Compliance Manager (Kingfisher),strong,"9-month fixed term; owns packaging data compliance for Kingfisher's UK banners",https://careers-kingfisher2.icims.com/jobs/157292/offer-%26-sourcing%2c-supply-%26-logistics/job,2026-10-08
Screwfix Direct Ltd,03006378,Packaging Compliance Manager (Kingfisher),strong,"Same Kingfisher role as B&Q",https://careers-kingfisher2.icims.com/jobs/157292/offer-%26-sourcing%2c-supply-%26-logistics/job,2026-10-08
OKA Direct Limited,03722366,Packaging Technologist,strong,"12-month fixed term; asks for EPR and packaging waste reporting knowledge",https://ats.rippling.com/oka-direct-ltd/jobs/858b62c8-592d-4899-970a-4cb9ea2deeb3,2026-10-08
M and M Direct Limited,05069228,Sustainability Manager,strong,"Packaging EPR and Scope 3 reporting; manages a data analyst and an external delivery partner",https://climatechangejobs.com/jobs/582673341-mandm-direct,2026-10-08
Johnson & Johnson Medical Ltd,SC132162,Environmental Materials and EPR Program Compliance Manager,strong,"Global product stewardship role including packaging EPR fees",https://www.careers.jnj.com/en/jobs/r-099784/environmental-materials-and-epr-program-compliance-manager/,2026-10-08
Mars Wrigley Confectionery UK Limited,06649982,Packaging Technologist (EMEA),weak,"Packaging data reporting for PPWR, not UK EPR",https://huntukvisasponsors.com/job/packaging-technologist-at-mars-7p9j8rf3mus,2026-10-08
Unilever UK Limited,00334527,Packaging Technologist (interim) / Global Sustainability Manager - Plastic,weak,"Interim roles, closed early 2026; EPR not named",https://findajob.dwp.gov.uk/details/17369747,2026-10-08
The Compleat Food Group (Holdings) Ltd,12981153,Group Packaging Technologist,weak,"Closed October 2025; EPR not named",https://findajob.dwp.gov.uk/details/16560432,2026-10-08
