companyname,companywebsite,companyemaildomain,linkedincompanypageurl,stocksymbol,industry,city,state,companycountry,zipcode
CROSTA & MOLLICA,,,,,,London,,GB,W1F 7LD
Halma Public Limited Company,,,,,,Amersham,,GB,HP7 0DE
ASL Holdings,,,,,,Cwmbran,,GB,NP44 3AW
Advanced Electronics,,,,,,Newcastle upon Tyne,,GB,NE12 8EW
Alpha Moisture Systems,,,,,,Horsforth,,GB,LS18 5AZ
Ampac Europe,,,,,,Alton,,GB,GU34 2UD
Apollo Fire Detectors,,,,,,Havant,,GB,PO9 1JR
Avire Trading,,,,,,Maidenhead,,GB,SL6 7RJ
Castell Safety International,,,,,,London,,GB,NW9 9PQ
Cranford Controls,,,,,,Alton,,GB,GU34 2UD
Crowcon Detection Instruments,,,,,,Abingdon,,GB,OX14 4SD
Diba Industries,,,,,,Cambridge,,GB,CB1 3HD
Elfab,,,,,,North Shields,,GB,NE29 8SD
FFE,,,,,,Hitchin,,GB,SG4 0TJ
Fortress Interlocks,,,,,,Wolverhampton,,GB,WV4 6FB
HWM-Water,,,,,,Cwmbran,,GB,NP44 3AW
Hyfire Wireless Fire Solutions,,,,,,Kenilworth,,GB,CV8 1NP
Keeler,,,,,,Windsor,,GB,SL4 4AA
M.K. Test Systems,,,,,,Wellington,,GB,TA21 9AD
MiniCam,,,,,,Little Hulton,,GB,M38 9PU
Navtech Radar,,,,,,Wantage,,GB,OX12 8PD
Nimbus Digital Solutions,,,,,,Nottingham,,GB,NG2 1NA
Nuvonic,,,,,,Slough,,GB,SL1 4LA
Palintest,,,,,,Gateshead,,GB,NE11 0NS
Ramtech Electronics,,,,,,Nottingham,,GB,NG7 1TN
Rohrback Cosasco Systems UK,,,,,,Amersham,,GB,HP7 0DE
Shaw Moisture Meters (U.K.),,,,,,Horsforth,,GB,LS18 5AZ
Johnson & Johnson Medical,,,,,,Edinburgh,,GB,EH3 9QP
LOTAN,,,,,,LEICESTER,,GB,LE4 2BQ
Off-Piste Wines,,,,,,Cheltenham,,GB,GL50 3PN
Paperwork (Paper Convertors),,,,,,Normanton,,GB,WF6 1ZB
RAJAPACK,,,,,,Bedford,,GB,MK43 0AR
